기준시각,종목명,시가총액,현재가,등락률,그룹사,1차 분류,2차 분류
2026.05.28 장마감,삼성전자,17509604,299500,-2.44,삼성,IT,반도체
2026.05.28 장마감,SK하이닉스,16313757,2289000,2.05,SK,IT,반도체
2026.05.28 장마감,SK스퀘어,1632325,1237000,-3.06,SK,산업재,지주
2026.05.28 장마감,현대차,1386210,677000,-0.59,현대차,자유소비재,자동차
2026.05.28 장마감,삼성전기,1381086,1849000,13.44,삼성,IT,전자부품
2026.05.28 장마감,LG에너지솔루션,1034280,442000,15.25,LG,소재,배터리
2026.05.28 장마감,HD현대중공업,738927,704000,-5.38,HD현대,산업재,조선
2026.05.28 장마감,삼성생명,715000,357500,0.85,삼성,금융,보험
2026.05.28 장마감,두산에너빌리티,678354,105900,-2.4,두산,산업재,전력기기
2026.05.28 장마감,삼성물산,647859,399500,-2.68,삼성,산업재,상사
2026.05.28 장마감,기아,641449,164300,-0.24,현대차,자유소비재,자동차
2026.05.28 장마감,삼성바이오로직스,635575,1373000,-0.79,삼성,헬스케어,바이오
2026.05.28 장마감,현대모비스,622426,686000,-0.29,현대차,자유소비재,자동차부품
2026.05.28 장마감,한화에어로스페이스,618761,1200000,-3.54,한화,산업재,방산
2026.05.28 장마감,KB금융,558157,149700,-2.67,KB금융,금융,은행
2026.05.28 장마감,삼성SDI,544758,676000,7.3,삼성,소재,배터리
2026.05.28 장마감,SK,481418,664000,-2.35,SK,산업재,지주
2026.05.28 장마감,신한지주,440479,92800,-2.32,신한금융,금융,은행
2026.05.28 장마감,셀트리온,422032,190000,-2.31,셀트리온,헬스케어,바이오
2026.05.28 장마감,한화오션,380565,124200,-7.93,한화,산업재,조선
2026.05.28 장마감,HD현대일렉트릭,377414,1047000,-4.3,HD현대,산업재,전력기기
2026.05.28 장마감,LS ELECTRIC,369750,246500,-5.74,LS,산업재,전력기기
2026.05.28 장마감,LG전자,367305,225500,-4.04,LG,자유소비재,가전
2026.05.28 장마감,미래에셋증권,346931,62000,-3.88,미래에셋,금융,증권
2026.05.28 장마감,효성중공업,340626,3653000,-0.76,효성,산업재,전력기기
2026.05.28 장마감,POSCO홀딩스,332814,420000,-0.83,포스코,소재,철강
2026.05.28 장마감,NAVER,321591,205000,3.12,NAVER,커뮤니케이션서비스,플랫폼
2026.05.28 장마감,하나금융지주,316346,115300,-2.62,하나금융,금융,은행
2026.05.28 장마감,HD한국조선해양,293708,415000,-5.79,HD현대,산업재,조선
2026.05.28 장마감,고려아연,284916,1365000,-2.22,영풍,소재,금속소재
2026.05.28 장마감,한미반도체,278788,292500,-8.31,한미반도체,IT,반도체장비
2026.05.28 장마감,두산,268818,1660000,-3.21,두산,산업재,지주
2026.05.28 장마감,LG이노텍,268385,1134000,8.62,LG,IT,전자부품
2026.05.28 장마감,한국전력,250687,39050,-1.14,한국전력,유틸리티,전력
2026.05.28 장마감,삼성화재,250026,560000,-2.95,삼성,금융,보험
2026.05.28 장마감,삼성중공업,249920,28400,-3.57,삼성,산업재,조선
2026.05.28 장마감,LG화학,243191,344500,4.08,LG,소재,화학
2026.05.28 장마감,현대로템,224833,206000,-0.48,현대차,산업재,방산
2026.05.28 장마감,우리금융지주,220590,30050,-1.96,우리금융,금융,은행
2026.05.28 장마감,HD현대,217626,275500,-3.5,HD현대,산업재,지주
2026.05.28 장마감,포스코퓨처엠,211692,238000,3.93,포스코,소재,배터리
2026.05.28 장마감,SK텔레콤,208132,96900,-3.49,SK,커뮤니케이션서비스,통신
2026.05.28 장마감,현대오토에버,204583,746000,-2.48,현대차,IT,IT서비스
2026.05.28 장마감,한화시스템,200066,105900,-3.38,한화,산업재,방산
2026.05.28 장마감,SK이노베이션,197792,117000,1.39,SK,에너지,정유
2026.05.28 장마감,삼성에스디에스,192284,248500,-4.97,삼성,IT,IT서비스
2026.05.28 장마감,KT&G,190700,183700,2.23,KT&G,필수소비재,기호품
2026.05.28 장마감,LIG디펜스앤에어로스페이스,188320,856000,-2.17,,,
2026.05.28 장마감,HMM,184969,19610,-0.66,HMM,산업재,물류운송
2026.05.28 장마감,LG,178589,115800,-2.03,LG,산업재,지주
2026.05.28 장마감,카카오,177118,40100,-0.99,카카오,커뮤니케이션서비스,플랫폼
2026.05.28 장마감,현대글로비스,174750,233000,1.53,현대차,산업재,물류운송
2026.05.28 장마감,메리츠금융지주,172368,103000,-1.62,메리츠,금융,금융지주
2026.05.28 장마감,한국항공우주,163661,167900,1.33,KAI,산업재,방산
2026.05.28 장마감,기업은행,163074,20450,-0.24,IBK,금융,은행
2026.05.28 장마감,현대건설,157457,141400,-1.53,현대차,산업재,건설
2026.05.28 장마감,에이피알,149940,400500,4.03,에이피알,필수소비재,화장품
2026.05.28 장마감,LS,148356,475500,-6.4,LS,산업재,지주
2026.05.28 장마감,한국금융지주,132906,238500,-2.45,한국투자금융,금융,금융지주
2026.05.28 장마감,KT,130799,51900,-2.81,KT,커뮤니케이션서비스,통신
2026.05.28 장마감,S-Oil,120464,107000,-1.02,S-Oil,에너지,정유
2026.05.28 장마감,크래프톤,117880,255500,0.2,크래프톤,커뮤니케이션서비스,게임
2026.05.28 장마감,삼성에피스홀딩스,117075,470500,-2.79,삼성,산업재,지주
2026.05.28 장마감,포스코인터내셔널,112766,64100,-2.29,포스코,산업재,상사
2026.05.28 장마감,NH투자증권,108507,30450,-2.25,NH,금융,증권
2026.05.28 장마감,삼성증권,107874,120800,-2.74,삼성,금융,증권
2026.05.28 장마감,대우건설,104576,25450,-4.86,중흥,산업재,건설
2026.05.28 장마감,카카오뱅크,102104,21400,-2.06,카카오,금융,은행
2026.05.28 장마감,HD현대마린솔루션,101324,226000,-6.22,HD현대,산업재,조선
2026.05.28 장마감,삼성E&A,99568,50800,-0.97,삼성,산업재,건설
2026.05.28 장마감,대한항공,99420,27000,0.56,한진,산업재,물류운송
2026.05.28 장마감,한화,98147,139200,-7.75,한화,산업재,지주
2026.05.28 장마감,키움증권,97307,371000,-5.12,다우키움,금융,증권
2026.05.28 장마감,하이브,96334,223500,-4.08,하이브,커뮤니케이션서비스,엔터테인먼트
2026.05.28 장마감,대한전선,93684,47800,-3.53,호반,산업재,전력기기
2026.05.28 장마감,이수페타시스,93597,127500,-3.63,이수,IT,전자부품
2026.05.28 장마감,DB손해보험,92421,141100,-2.35,DB,금융,보험
2026.05.28 장마감,삼양식품,91225,1211000,-2.1,삼양,필수소비재,식품
2026.05.28 장마감,LG씨엔에스,84872,87600,-7.4,LG,IT,IT서비스
2026.05.28 장마감,한국타이어앤테크놀로지,78041,63000,0.8,한국앤컴퍼니,자유소비재,자동차
2026.05.28 장마감,산일전기,77458,253000,-6.3,산일전기,산업재,전력기기
2026.05.28 장마감,SK바이오팜,73223,93500,-1.27,SK,헬스케어,바이오
2026.05.28 장마감,한진칼,72437,108500,-3.47,한진,산업재,지주
2026.05.28 장마감,LG디스플레이,72100,14420,2.05,LG,IT,디스플레이
2026.05.28 장마감,한화솔루션,69960,40700,-3.9,한화,소재,화학
2026.05.28 장마감,GS,68850,74100,-0.94,GS,산업재,지주
2026.05.28 장마감,엘앤에프,68451,169200,13.03,엘앤에프,소재,배터리
2026.05.28 장마감,OCI홀딩스,67960,364000,-6.19,OCI,산업재,지주
2026.05.28 장마감,아모레퍼시픽,67501,115400,-1.03,아모레퍼시픽,필수소비재,화장품
2026.05.28 장마감,유한양행,66585,83600,-1.88,유한,헬스케어,바이오
2026.05.28 장마감,코웨이,65389,92400,0.98,넷마블,자유소비재,생활가전/렌탈
2026.05.28 장마감,두산로보틱스,65079,100400,-2.52,두산,산업재,로봇산업
2026.05.28 장마감,두산밥캣,64032,66800,-1.91,두산,산업재,건설기계
2026.05.28 장마감,LG유플러스,63961,15070,-0.46,LG,커뮤니케이션서비스,통신
2026.05.28 장마감,한미약품,62197,485500,-0.72,한미,헬스케어,바이오
2026.05.28 장마감,NC,61293,284500,2.52,,,
2026.05.28 장마감,카카오페이,61001,45100,-3.53,카카오,금융,핀테크
2026.05.28 장마감,한화엔진,55910,67000,-6.94,한화,산업재,조선
2026.05.28 장마감,삼성카드,54396,46950,0.21,삼성,금융,카드
2026.05.28 장마감,BNK금융지주,53097,17110,-0.18,BNK,금융,은행
